{"cameraMode":{"drawMode":0,"name":"Shaded","section":"Shading Mode"},"sceneLighting":true,"audioPlay":false,"sceneViewState":{"m_AlwaysRefresh":true,"showFog":true,"showSkybox":true,"showFlares":true,"showImageEffects":true,"showParticleSystems":true,"showVisualEffectGraphs":true,"m_FxEnabled":true},"in2DMode":false,"pivot":{"x":-0.016722265630960466,"y":-0.026345372200012208,"z":0.020289406180381776},"rotation":{"x":-0.34822240471839907,"y":0.2690727114677429,"z":-0.10529980063438416,"w":-0.8918446898460388},"size":0.05591277778148651,"orthographic":false}