{"cameraMode":{"drawMode":0,"name":"Shaded","section":"Shading Mode"},"sceneLighting":false,"audioPlay":false,"sceneViewState":{"m_AlwaysRefresh":true,"showFog":true,"showSkybox":false,"showFlares":true,"showImageEffects":true,"showParticleSystems":true,"showVisualEffectGraphs":true,"m_FxEnabled":true},"in2DMode":false,"pivot":{"x":0.3749518096446991,"y":1.246978998184204,"z":0.4342691898345947},"rotation":{"x":0.6145144104957581,"y":0.09216831624507904,"z":0.7801348567008972,"w":-0.07261339575052262},"size":0.35642629861831667,"orthographic":false}